{ "frames": {
   "Tiles_32 0.ase": {
    "frame": { "x": 2, "y": 2, "w": 36, "h": 36 },
    "rotated": false,
    "trimmed": false,
    "spriteSourceSize": { "x": 0, "y": 0, "w": 32, "h": 32 },
    "sourceSize": { "w": 32, "h": 32 },
    "duration": 100
   },
   "Tiles_32 1.ase": {
    "frame": { "x": 40, "y": 2, "w": 36, "h": 36 },
    "rotated": false,
    "trimmed": false,
    "spriteSourceSize": { "x": 0, "y": 0, "w": 32, "h": 32 },
    "sourceSize": { "w": 32, "h": 32 },
    "duration": 100
   },
   "Tiles_32 2.ase": {
    "frame": { "x": 78, "y": 2, "w": 36, "h": 36 },
    "rotated": false,
    "trimmed": false,
    "spriteSourceSize": { "x": 0, "y": 0, "w": 32, "h": 32 },
    "sourceSize": { "w": 32, "h": 32 },
    "duration": 100
   },
   "Tiles_32 3.ase": {
    "frame": { "x": 116, "y": 2, "w": 36, "h": 36 },
    "rotated": false,
    "trimmed": false,
    "spriteSourceSize": { "x": 0, "y": 0, "w": 32, "h": 32 },
    "sourceSize": { "w": 32, "h": 32 },
    "duration": 100
   },
   "Tiles_32 4.ase": {
    "frame": { "x": 154, "y": 2, "w": 36, "h": 36 },
    "rotated": false,
    "trimmed": false,
    "spriteSourceSize": { "x": 0, "y": 0, "w": 32, "h": 32 },
    "sourceSize": { "w": 32, "h": 32 },
    "duration": 100
   },
   "Tiles_32 5.ase": {
    "frame": { "x": 192, "y": 2, "w": 36, "h": 36 },
    "rotated": false,
    "trimmed": false,
    "spriteSourceSize": { "x": 0, "y": 0, "w": 32, "h": 32 },
    "sourceSize": { "w": 32, "h": 32 },
    "duration": 100
   },
   "Tiles_32 6.ase": {
    "frame": { "x": 230, "y": 2, "w": 36, "h": 36 },
    "rotated": false,
    "trimmed": false,
    "spriteSourceSize": { "x": 0, "y": 0, "w": 32, "h": 32 },
    "sourceSize": { "w": 32, "h": 32 },
    "duration": 100
   },
   "Tiles_32 7.ase": {
    "frame": { "x": 2, "y": 40, "w": 36, "h": 36 },
    "rotated": false,
    "trimmed": false,
    "spriteSourceSize": { "x": 0, "y": 0, "w": 32, "h": 32 },
    "sourceSize": { "w": 32, "h": 32 },
    "duration": 100
   },
   "Tiles_32 8.ase": {
    "frame": { "x": 40, "y": 40, "w": 36, "h": 36 },
    "rotated": false,
    "trimmed": false,
    "spriteSourceSize": { "x": 0, "y": 0, "w": 32, "h": 32 },
    "sourceSize": { "w": 32, "h": 32 },
    "duration": 100
   },
   "Tiles_32 9.ase": {
    "frame": { "x": 78, "y": 40, "w": 36, "h": 36 },
    "rotated": false,
    "trimmed": false,
    "spriteSourceSize": { "x": 0, "y": 0, "w": 32, "h": 32 },
    "sourceSize": { "w": 32, "h": 32 },
    "duration": 100
   },
   "Tiles_32 10.ase": {
    "frame": { "x": 116, "y": 40, "w": 36, "h": 36 },
    "rotated": false,
    "trimmed": false,
    "spriteSourceSize": { "x": 0, "y": 0, "w": 32, "h": 32 },
    "sourceSize": { "w": 32, "h": 32 },
    "duration": 100
   },
   "Tiles_32 11.ase": {
    "frame": { "x": 154, "y": 40, "w": 36, "h": 36 },
    "rotated": false,
    "trimmed": false,
    "spriteSourceSize": { "x": 0, "y": 0, "w": 32, "h": 32 },
    "sourceSize": { "w": 32, "h": 32 },
    "duration": 100
   },
   "Tiles_32 12.ase": {
    "frame": { "x": 192, "y": 40, "w": 36, "h": 36 },
    "rotated": false,
    "trimmed": false,
    "spriteSourceSize": { "x": 0, "y": 0, "w": 32, "h": 32 },
    "sourceSize": { "w": 32, "h": 32 },
    "duration": 100
   },
   "Tiles_32 13.ase": {
    "frame": { "x": 230, "y": 40, "w": 36, "h": 36 },
    "rotated": false,
    "trimmed": false,
    "spriteSourceSize": { "x": 0, "y": 0, "w": 32, "h": 32 },
    "sourceSize": { "w": 32, "h": 32 },
    "duration": 100
   },
   "Tiles_32 14.ase": {
    "frame": { "x": 2, "y": 78, "w": 36, "h": 36 },
    "rotated": false,
    "trimmed": false,
    "spriteSourceSize": { "x": 0, "y": 0, "w": 32, "h": 32 },
    "sourceSize": { "w": 32, "h": 32 },
    "duration": 100
   },
   "Tiles_32 15.ase": {
    "frame": { "x": 40, "y": 78, "w": 36, "h": 36 },
    "rotated": false,
    "trimmed": false,
    "spriteSourceSize": { "x": 0, "y": 0, "w": 32, "h": 32 },
    "sourceSize": { "w": 32, "h": 32 },
    "duration": 100
   },
   "Tiles_32 16.ase": {
    "frame": { "x": 78, "y": 78, "w": 36, "h": 36 },
    "rotated": false,
    "trimmed": false,
    "spriteSourceSize": { "x": 0, "y": 0, "w": 32, "h": 32 },
    "sourceSize": { "w": 32, "h": 32 },
    "duration": 100
   },
   "Tiles_32 17.ase": {
    "frame": { "x": 116, "y": 78, "w": 36, "h": 36 },
    "rotated": false,
    "trimmed": false,
    "spriteSourceSize": { "x": 0, "y": 0, "w": 32, "h": 32 },
    "sourceSize": { "w": 32, "h": 32 },
    "duration": 100
   },
   "Tiles_32 18.ase": {
    "frame": { "x": 154, "y": 78, "w": 36, "h": 36 },
    "rotated": false,
    "trimmed": false,
    "spriteSourceSize": { "x": 0, "y": 0, "w": 32, "h": 32 },
    "sourceSize": { "w": 32, "h": 32 },
    "duration": 100
   },
   "Tiles_32 19.ase": {
    "frame": { "x": 192, "y": 78, "w": 36, "h": 36 },
    "rotated": false,
    "trimmed": false,
    "spriteSourceSize": { "x": 0, "y": 0, "w": 32, "h": 32 },
    "sourceSize": { "w": 32, "h": 32 },
    "duration": 100
   },
   "Tiles_32 20.ase": {
    "frame": { "x": 230, "y": 78, "w": 36, "h": 36 },
    "rotated": false,
    "trimmed": false,
    "spriteSourceSize": { "x": 0, "y": 0, "w": 32, "h": 32 },
    "sourceSize": { "w": 32, "h": 32 },
    "duration": 100
   },
   "Tiles_32 21.ase": {
    "frame": { "x": 2, "y": 116, "w": 36, "h": 36 },
    "rotated": false,
    "trimmed": false,
    "spriteSourceSize": { "x": 0, "y": 0, "w": 32, "h": 32 },
    "sourceSize": { "w": 32, "h": 32 },
    "duration": 100
   },
   "Tiles_32 22.ase": {
    "frame": { "x": 40, "y": 116, "w": 36, "h": 36 },
    "rotated": false,
    "trimmed": false,
    "spriteSourceSize": { "x": 0, "y": 0, "w": 32, "h": 32 },
    "sourceSize": { "w": 32, "h": 32 },
    "duration": 100
   },
   "Tiles_32 23.ase": {
    "frame": { "x": 78, "y": 116, "w": 36, "h": 36 },
    "rotated": false,
    "trimmed": false,
    "spriteSourceSize": { "x": 0, "y": 0, "w": 32, "h": 32 },
    "sourceSize": { "w": 32, "h": 32 },
    "duration": 100
   },
   "Tiles_32 24.ase": {
    "frame": { "x": 116, "y": 116, "w": 36, "h": 36 },
    "rotated": false,
    "trimmed": false,
    "spriteSourceSize": { "x": 0, "y": 0, "w": 32, "h": 32 },
    "sourceSize": { "w": 32, "h": 32 },
    "duration": 100
   },
   "Tiles_32 25.ase": {
    "frame": { "x": 154, "y": 116, "w": 36, "h": 36 },
    "rotated": false,
    "trimmed": false,
    "spriteSourceSize": { "x": 0, "y": 0, "w": 32, "h": 32 },
    "sourceSize": { "w": 32, "h": 32 },
    "duration": 100
   },
   "Tiles_32 26.ase": {
    "frame": { "x": 192, "y": 116, "w": 36, "h": 36 },
    "rotated": false,
    "trimmed": false,
    "spriteSourceSize": { "x": 0, "y": 0, "w": 32, "h": 32 },
    "sourceSize": { "w": 32, "h": 32 },
    "duration": 100
   },
   "Tiles_32 27.ase": {
    "frame": { "x": 230, "y": 116, "w": 36, "h": 36 },
    "rotated": false,
    "trimmed": false,
    "spriteSourceSize": { "x": 0, "y": 0, "w": 32, "h": 32 },
    "sourceSize": { "w": 32, "h": 32 },
    "duration": 100
   },
   "Tiles_32 28.ase": {
    "frame": { "x": 2, "y": 154, "w": 36, "h": 36 },
    "rotated": false,
    "trimmed": false,
    "spriteSourceSize": { "x": 0, "y": 0, "w": 32, "h": 32 },
    "sourceSize": { "w": 32, "h": 32 },
    "duration": 100
   },
   "Tiles_32 29.ase": {
    "frame": { "x": 40, "y": 154, "w": 36, "h": 36 },
    "rotated": false,
    "trimmed": false,
    "spriteSourceSize": { "x": 0, "y": 0, "w": 32, "h": 32 },
    "sourceSize": { "w": 32, "h": 32 },
    "duration": 100
   },
   "Tiles_32 30.ase": {
    "frame": { "x": 78, "y": 154, "w": 36, "h": 36 },
    "rotated": false,
    "trimmed": false,
    "spriteSourceSize": { "x": 0, "y": 0, "w": 32, "h": 32 },
    "sourceSize": { "w": 32, "h": 32 },
    "duration": 100
   },
   "Tiles_32 31.ase": {
    "frame": { "x": 116, "y": 154, "w": 36, "h": 36 },
    "rotated": false,
    "trimmed": false,
    "spriteSourceSize": { "x": 0, "y": 0, "w": 32, "h": 32 },
    "sourceSize": { "w": 32, "h": 32 },
    "duration": 100
   },
   "Tiles_32 32.ase": {
    "frame": { "x": 154, "y": 154, "w": 36, "h": 36 },
    "rotated": false,
    "trimmed": false,
    "spriteSourceSize": { "x": 0, "y": 0, "w": 32, "h": 32 },
    "sourceSize": { "w": 32, "h": 32 },
    "duration": 100
   },
   "Tiles_32 33.ase": {
    "frame": { "x": 192, "y": 154, "w": 36, "h": 36 },
    "rotated": false,
    "trimmed": false,
    "spriteSourceSize": { "x": 0, "y": 0, "w": 32, "h": 32 },
    "sourceSize": { "w": 32, "h": 32 },
    "duration": 100
   },
   "Tiles_32 34.ase": {
    "frame": { "x": 230, "y": 154, "w": 36, "h": 36 },
    "rotated": false,
    "trimmed": false,
    "spriteSourceSize": { "x": 0, "y": 0, "w": 32, "h": 32 },
    "sourceSize": { "w": 32, "h": 32 },
    "duration": 100
   },
   "Tiles_32 35.ase": {
    "frame": { "x": 2, "y": 192, "w": 36, "h": 36 },
    "rotated": false,
    "trimmed": false,
    "spriteSourceSize": { "x": 0, "y": 0, "w": 32, "h": 32 },
    "sourceSize": { "w": 32, "h": 32 },
    "duration": 100
   },
   "Tiles_32 36.ase": {
    "frame": { "x": 40, "y": 192, "w": 36, "h": 36 },
    "rotated": false,
    "trimmed": false,
    "spriteSourceSize": { "x": 0, "y": 0, "w": 32, "h": 32 },
    "sourceSize": { "w": 32, "h": 32 },
    "duration": 100
   },
   "Tiles_32 37.ase": {
    "frame": { "x": 78, "y": 192, "w": 36, "h": 36 },
    "rotated": false,
    "trimmed": false,
    "spriteSourceSize": { "x": 0, "y": 0, "w": 32, "h": 32 },
    "sourceSize": { "w": 32, "h": 32 },
    "duration": 100
   },
   "Tiles_32 38.ase": {
    "frame": { "x": 116, "y": 192, "w": 36, "h": 36 },
    "rotated": false,
    "trimmed": false,
    "spriteSourceSize": { "x": 0, "y": 0, "w": 32, "h": 32 },
    "sourceSize": { "w": 32, "h": 32 },
    "duration": 100
   },
   "Tiles_32 39.ase": {
    "frame": { "x": 154, "y": 192, "w": 36, "h": 36 },
    "rotated": false,
    "trimmed": false,
    "spriteSourceSize": { "x": 0, "y": 0, "w": 32, "h": 32 },
    "sourceSize": { "w": 32, "h": 32 },
    "duration": 100
   },
   "Tiles_32 40.ase": {
    "frame": { "x": 192, "y": 192, "w": 36, "h": 36 },
    "rotated": false,
    "trimmed": false,
    "spriteSourceSize": { "x": 0, "y": 0, "w": 32, "h": 32 },
    "sourceSize": { "w": 32, "h": 32 },
    "duration": 100
   },
   "Tiles_32 41.ase": {
    "frame": { "x": 230, "y": 192, "w": 36, "h": 36 },
    "rotated": false,
    "trimmed": false,
    "spriteSourceSize": { "x": 0, "y": 0, "w": 32, "h": 32 },
    "sourceSize": { "w": 32, "h": 32 },
    "duration": 100
   },
   "Tiles_32 42.ase": {
    "frame": { "x": 2, "y": 230, "w": 36, "h": 36 },
    "rotated": false,
    "trimmed": false,
    "spriteSourceSize": { "x": 0, "y": 0, "w": 32, "h": 32 },
    "sourceSize": { "w": 32, "h": 32 },
    "duration": 100
   },
   "Tiles_32 43.ase": {
    "frame": { "x": 40, "y": 230, "w": 36, "h": 36 },
    "rotated": false,
    "trimmed": false,
    "spriteSourceSize": { "x": 0, "y": 0, "w": 32, "h": 32 },
    "sourceSize": { "w": 32, "h": 32 },
    "duration": 100
   },
   "Tiles_32 44.ase": {
    "frame": { "x": 78, "y": 230, "w": 36, "h": 36 },
    "rotated": false,
    "trimmed": false,
    "spriteSourceSize": { "x": 0, "y": 0, "w": 32, "h": 32 },
    "sourceSize": { "w": 32, "h": 32 },
    "duration": 100
   },
   "Tiles_32 45.ase": {
    "frame": { "x": 116, "y": 230, "w": 36, "h": 36 },
    "rotated": false,
    "trimmed": false,
    "spriteSourceSize": { "x": 0, "y": 0, "w": 32, "h": 32 },
    "sourceSize": { "w": 32, "h": 32 },
    "duration": 100
   },
   "Tiles_32 46.ase": {
    "frame": { "x": 154, "y": 230, "w": 36, "h": 36 },
    "rotated": false,
    "trimmed": false,
    "spriteSourceSize": { "x": 0, "y": 0, "w": 32, "h": 32 },
    "sourceSize": { "w": 32, "h": 32 },
    "duration": 100
   },
   "Tiles_32 47.ase": {
    "frame": { "x": 192, "y": 230, "w": 36, "h": 36 },
    "rotated": false,
    "trimmed": false,
    "spriteSourceSize": { "x": 0, "y": 0, "w": 32, "h": 32 },
    "sourceSize": { "w": 32, "h": 32 },
    "duration": 100
   },
   "Tiles_32 48.ase": {
    "frame": { "x": 230, "y": 230, "w": 36, "h": 36 },
    "rotated": false,
    "trimmed": false,
    "spriteSourceSize": { "x": 0, "y": 0, "w": 32, "h": 32 },
    "sourceSize": { "w": 32, "h": 32 },
    "duration": 100
   }
 },
 "meta": {
  "app": "https://github.com/LibreSprite/LibreSprite/",
  "version": "1.0",
  "image": "/home/midhil/Documents/Projects/Espirit/Espirit-Tileset-Pack/spritesheet/Tiles_32-Spritesheet.png",
  "format": "RGBA8888",
  "size": { "w": 268, "h": 268 },
  "scale": "1",
  "frameTags": [
  ],
  "layers": [
   { "name": "Layer 1", "opacity": 255, "blendMode": "normal" }
  ]
 }
}
