{ "frames": {
   "Tiles_64 0.ase": {
    "frame": { "x": 4, "y": 4, "w": 72, "h": 72 },
    "rotated": false,
    "trimmed": false,
    "spriteSourceSize": { "x": 0, "y": 0, "w": 64, "h": 64 },
    "sourceSize": { "w": 64, "h": 64 },
    "duration": 100
   },
   "Tiles_64 1.ase": {
    "frame": { "x": 80, "y": 4, "w": 72, "h": 72 },
    "rotated": false,
    "trimmed": false,
    "spriteSourceSize": { "x": 0, "y": 0, "w": 64, "h": 64 },
    "sourceSize": { "w": 64, "h": 64 },
    "duration": 100
   },
   "Tiles_64 2.ase": {
    "frame": { "x": 156, "y": 4, "w": 72, "h": 72 },
    "rotated": false,
    "trimmed": false,
    "spriteSourceSize": { "x": 0, "y": 0, "w": 64, "h": 64 },
    "sourceSize": { "w": 64, "h": 64 },
    "duration": 100
   },
   "Tiles_64 3.ase": {
    "frame": { "x": 232, "y": 4, "w": 72, "h": 72 },
    "rotated": false,
    "trimmed": false,
    "spriteSourceSize": { "x": 0, "y": 0, "w": 64, "h": 64 },
    "sourceSize": { "w": 64, "h": 64 },
    "duration": 100
   },
   "Tiles_64 4.ase": {
    "frame": { "x": 308, "y": 4, "w": 72, "h": 72 },
    "rotated": false,
    "trimmed": false,
    "spriteSourceSize": { "x": 0, "y": 0, "w": 64, "h": 64 },
    "sourceSize": { "w": 64, "h": 64 },
    "duration": 100
   },
   "Tiles_64 5.ase": {
    "frame": { "x": 384, "y": 4, "w": 72, "h": 72 },
    "rotated": false,
    "trimmed": false,
    "spriteSourceSize": { "x": 0, "y": 0, "w": 64, "h": 64 },
    "sourceSize": { "w": 64, "h": 64 },
    "duration": 100
   },
   "Tiles_64 6.ase": {
    "frame": { "x": 460, "y": 4, "w": 72, "h": 72 },
    "rotated": false,
    "trimmed": false,
    "spriteSourceSize": { "x": 0, "y": 0, "w": 64, "h": 64 },
    "sourceSize": { "w": 64, "h": 64 },
    "duration": 100
   },
   "Tiles_64 7.ase": {
    "frame": { "x": 4, "y": 80, "w": 72, "h": 72 },
    "rotated": false,
    "trimmed": false,
    "spriteSourceSize": { "x": 0, "y": 0, "w": 64, "h": 64 },
    "sourceSize": { "w": 64, "h": 64 },
    "duration": 100
   },
   "Tiles_64 8.ase": {
    "frame": { "x": 80, "y": 80, "w": 72, "h": 72 },
    "rotated": false,
    "trimmed": false,
    "spriteSourceSize": { "x": 0, "y": 0, "w": 64, "h": 64 },
    "sourceSize": { "w": 64, "h": 64 },
    "duration": 100
   },
   "Tiles_64 9.ase": {
    "frame": { "x": 156, "y": 80, "w": 72, "h": 72 },
    "rotated": false,
    "trimmed": false,
    "spriteSourceSize": { "x": 0, "y": 0, "w": 64, "h": 64 },
    "sourceSize": { "w": 64, "h": 64 },
    "duration": 100
   },
   "Tiles_64 10.ase": {
    "frame": { "x": 232, "y": 80, "w": 72, "h": 72 },
    "rotated": false,
    "trimmed": false,
    "spriteSourceSize": { "x": 0, "y": 0, "w": 64, "h": 64 },
    "sourceSize": { "w": 64, "h": 64 },
    "duration": 100
   },
   "Tiles_64 11.ase": {
    "frame": { "x": 308, "y": 80, "w": 72, "h": 72 },
    "rotated": false,
    "trimmed": false,
    "spriteSourceSize": { "x": 0, "y": 0, "w": 64, "h": 64 },
    "sourceSize": { "w": 64, "h": 64 },
    "duration": 100
   },
   "Tiles_64 12.ase": {
    "frame": { "x": 384, "y": 80, "w": 72, "h": 72 },
    "rotated": false,
    "trimmed": false,
    "spriteSourceSize": { "x": 0, "y": 0, "w": 64, "h": 64 },
    "sourceSize": { "w": 64, "h": 64 },
    "duration": 100
   },
   "Tiles_64 13.ase": {
    "frame": { "x": 460, "y": 80, "w": 72, "h": 72 },
    "rotated": false,
    "trimmed": false,
    "spriteSourceSize": { "x": 0, "y": 0, "w": 64, "h": 64 },
    "sourceSize": { "w": 64, "h": 64 },
    "duration": 100
   },
   "Tiles_64 14.ase": {
    "frame": { "x": 4, "y": 156, "w": 72, "h": 72 },
    "rotated": false,
    "trimmed": false,
    "spriteSourceSize": { "x": 0, "y": 0, "w": 64, "h": 64 },
    "sourceSize": { "w": 64, "h": 64 },
    "duration": 100
   },
   "Tiles_64 15.ase": {
    "frame": { "x": 80, "y": 156, "w": 72, "h": 72 },
    "rotated": false,
    "trimmed": false,
    "spriteSourceSize": { "x": 0, "y": 0, "w": 64, "h": 64 },
    "sourceSize": { "w": 64, "h": 64 },
    "duration": 100
   },
   "Tiles_64 16.ase": {
    "frame": { "x": 156, "y": 156, "w": 72, "h": 72 },
    "rotated": false,
    "trimmed": false,
    "spriteSourceSize": { "x": 0, "y": 0, "w": 64, "h": 64 },
    "sourceSize": { "w": 64, "h": 64 },
    "duration": 100
   },
   "Tiles_64 17.ase": {
    "frame": { "x": 232, "y": 156, "w": 72, "h": 72 },
    "rotated": false,
    "trimmed": false,
    "spriteSourceSize": { "x": 0, "y": 0, "w": 64, "h": 64 },
    "sourceSize": { "w": 64, "h": 64 },
    "duration": 100
   },
   "Tiles_64 18.ase": {
    "frame": { "x": 308, "y": 156, "w": 72, "h": 72 },
    "rotated": false,
    "trimmed": false,
    "spriteSourceSize": { "x": 0, "y": 0, "w": 64, "h": 64 },
    "sourceSize": { "w": 64, "h": 64 },
    "duration": 100
   },
   "Tiles_64 19.ase": {
    "frame": { "x": 384, "y": 156, "w": 72, "h": 72 },
    "rotated": false,
    "trimmed": false,
    "spriteSourceSize": { "x": 0, "y": 0, "w": 64, "h": 64 },
    "sourceSize": { "w": 64, "h": 64 },
    "duration": 100
   },
   "Tiles_64 20.ase": {
    "frame": { "x": 460, "y": 156, "w": 72, "h": 72 },
    "rotated": false,
    "trimmed": false,
    "spriteSourceSize": { "x": 0, "y": 0, "w": 64, "h": 64 },
    "sourceSize": { "w": 64, "h": 64 },
    "duration": 100
   },
   "Tiles_64 21.ase": {
    "frame": { "x": 4, "y": 232, "w": 72, "h": 72 },
    "rotated": false,
    "trimmed": false,
    "spriteSourceSize": { "x": 0, "y": 0, "w": 64, "h": 64 },
    "sourceSize": { "w": 64, "h": 64 },
    "duration": 100
   },
   "Tiles_64 22.ase": {
    "frame": { "x": 80, "y": 232, "w": 72, "h": 72 },
    "rotated": false,
    "trimmed": false,
    "spriteSourceSize": { "x": 0, "y": 0, "w": 64, "h": 64 },
    "sourceSize": { "w": 64, "h": 64 },
    "duration": 100
   },
   "Tiles_64 23.ase": {
    "frame": { "x": 156, "y": 232, "w": 72, "h": 72 },
    "rotated": false,
    "trimmed": false,
    "spriteSourceSize": { "x": 0, "y": 0, "w": 64, "h": 64 },
    "sourceSize": { "w": 64, "h": 64 },
    "duration": 100
   },
   "Tiles_64 24.ase": {
    "frame": { "x": 232, "y": 232, "w": 72, "h": 72 },
    "rotated": false,
    "trimmed": false,
    "spriteSourceSize": { "x": 0, "y": 0, "w": 64, "h": 64 },
    "sourceSize": { "w": 64, "h": 64 },
    "duration": 100
   },
   "Tiles_64 25.ase": {
    "frame": { "x": 308, "y": 232, "w": 72, "h": 72 },
    "rotated": false,
    "trimmed": false,
    "spriteSourceSize": { "x": 0, "y": 0, "w": 64, "h": 64 },
    "sourceSize": { "w": 64, "h": 64 },
    "duration": 100
   },
   "Tiles_64 26.ase": {
    "frame": { "x": 384, "y": 232, "w": 72, "h": 72 },
    "rotated": false,
    "trimmed": false,
    "spriteSourceSize": { "x": 0, "y": 0, "w": 64, "h": 64 },
    "sourceSize": { "w": 64, "h": 64 },
    "duration": 100
   },
   "Tiles_64 27.ase": {
    "frame": { "x": 460, "y": 232, "w": 72, "h": 72 },
    "rotated": false,
    "trimmed": false,
    "spriteSourceSize": { "x": 0, "y": 0, "w": 64, "h": 64 },
    "sourceSize": { "w": 64, "h": 64 },
    "duration": 100
   },
   "Tiles_64 28.ase": {
    "frame": { "x": 4, "y": 308, "w": 72, "h": 72 },
    "rotated": false,
    "trimmed": false,
    "spriteSourceSize": { "x": 0, "y": 0, "w": 64, "h": 64 },
    "sourceSize": { "w": 64, "h": 64 },
    "duration": 100
   },
   "Tiles_64 29.ase": {
    "frame": { "x": 80, "y": 308, "w": 72, "h": 72 },
    "rotated": false,
    "trimmed": false,
    "spriteSourceSize": { "x": 0, "y": 0, "w": 64, "h": 64 },
    "sourceSize": { "w": 64, "h": 64 },
    "duration": 100
   },
   "Tiles_64 30.ase": {
    "frame": { "x": 156, "y": 308, "w": 72, "h": 72 },
    "rotated": false,
    "trimmed": false,
    "spriteSourceSize": { "x": 0, "y": 0, "w": 64, "h": 64 },
    "sourceSize": { "w": 64, "h": 64 },
    "duration": 100
   },
   "Tiles_64 31.ase": {
    "frame": { "x": 232, "y": 308, "w": 72, "h": 72 },
    "rotated": false,
    "trimmed": false,
    "spriteSourceSize": { "x": 0, "y": 0, "w": 64, "h": 64 },
    "sourceSize": { "w": 64, "h": 64 },
    "duration": 100
   },
   "Tiles_64 32.ase": {
    "frame": { "x": 308, "y": 308, "w": 72, "h": 72 },
    "rotated": false,
    "trimmed": false,
    "spriteSourceSize": { "x": 0, "y": 0, "w": 64, "h": 64 },
    "sourceSize": { "w": 64, "h": 64 },
    "duration": 100
   },
   "Tiles_64 33.ase": {
    "frame": { "x": 384, "y": 308, "w": 72, "h": 72 },
    "rotated": false,
    "trimmed": false,
    "spriteSourceSize": { "x": 0, "y": 0, "w": 64, "h": 64 },
    "sourceSize": { "w": 64, "h": 64 },
    "duration": 100
   },
   "Tiles_64 34.ase": {
    "frame": { "x": 460, "y": 308, "w": 72, "h": 72 },
    "rotated": false,
    "trimmed": false,
    "spriteSourceSize": { "x": 0, "y": 0, "w": 64, "h": 64 },
    "sourceSize": { "w": 64, "h": 64 },
    "duration": 100
   },
   "Tiles_64 35.ase": {
    "frame": { "x": 4, "y": 384, "w": 72, "h": 72 },
    "rotated": false,
    "trimmed": false,
    "spriteSourceSize": { "x": 0, "y": 0, "w": 64, "h": 64 },
    "sourceSize": { "w": 64, "h": 64 },
    "duration": 100
   },
   "Tiles_64 36.ase": {
    "frame": { "x": 80, "y": 384, "w": 72, "h": 72 },
    "rotated": false,
    "trimmed": false,
    "spriteSourceSize": { "x": 0, "y": 0, "w": 64, "h": 64 },
    "sourceSize": { "w": 64, "h": 64 },
    "duration": 100
   },
   "Tiles_64 37.ase": {
    "frame": { "x": 156, "y": 384, "w": 72, "h": 72 },
    "rotated": false,
    "trimmed": false,
    "spriteSourceSize": { "x": 0, "y": 0, "w": 64, "h": 64 },
    "sourceSize": { "w": 64, "h": 64 },
    "duration": 100
   },
   "Tiles_64 38.ase": {
    "frame": { "x": 232, "y": 384, "w": 72, "h": 72 },
    "rotated": false,
    "trimmed": false,
    "spriteSourceSize": { "x": 0, "y": 0, "w": 64, "h": 64 },
    "sourceSize": { "w": 64, "h": 64 },
    "duration": 100
   },
   "Tiles_64 39.ase": {
    "frame": { "x": 308, "y": 384, "w": 72, "h": 72 },
    "rotated": false,
    "trimmed": false,
    "spriteSourceSize": { "x": 0, "y": 0, "w": 64, "h": 64 },
    "sourceSize": { "w": 64, "h": 64 },
    "duration": 100
   },
   "Tiles_64 40.ase": {
    "frame": { "x": 384, "y": 384, "w": 72, "h": 72 },
    "rotated": false,
    "trimmed": false,
    "spriteSourceSize": { "x": 0, "y": 0, "w": 64, "h": 64 },
    "sourceSize": { "w": 64, "h": 64 },
    "duration": 100
   },
   "Tiles_64 41.ase": {
    "frame": { "x": 460, "y": 384, "w": 72, "h": 72 },
    "rotated": false,
    "trimmed": false,
    "spriteSourceSize": { "x": 0, "y": 0, "w": 64, "h": 64 },
    "sourceSize": { "w": 64, "h": 64 },
    "duration": 100
   },
   "Tiles_64 42.ase": {
    "frame": { "x": 4, "y": 460, "w": 72, "h": 72 },
    "rotated": false,
    "trimmed": false,
    "spriteSourceSize": { "x": 0, "y": 0, "w": 64, "h": 64 },
    "sourceSize": { "w": 64, "h": 64 },
    "duration": 100
   },
   "Tiles_64 43.ase": {
    "frame": { "x": 80, "y": 460, "w": 72, "h": 72 },
    "rotated": false,
    "trimmed": false,
    "spriteSourceSize": { "x": 0, "y": 0, "w": 64, "h": 64 },
    "sourceSize": { "w": 64, "h": 64 },
    "duration": 100
   },
   "Tiles_64 44.ase": {
    "frame": { "x": 156, "y": 460, "w": 72, "h": 72 },
    "rotated": false,
    "trimmed": false,
    "spriteSourceSize": { "x": 0, "y": 0, "w": 64, "h": 64 },
    "sourceSize": { "w": 64, "h": 64 },
    "duration": 100
   },
   "Tiles_64 45.ase": {
    "frame": { "x": 232, "y": 460, "w": 72, "h": 72 },
    "rotated": false,
    "trimmed": false,
    "spriteSourceSize": { "x": 0, "y": 0, "w": 64, "h": 64 },
    "sourceSize": { "w": 64, "h": 64 },
    "duration": 100
   },
   "Tiles_64 46.ase": {
    "frame": { "x": 308, "y": 460, "w": 72, "h": 72 },
    "rotated": false,
    "trimmed": false,
    "spriteSourceSize": { "x": 0, "y": 0, "w": 64, "h": 64 },
    "sourceSize": { "w": 64, "h": 64 },
    "duration": 100
   },
   "Tiles_64 47.ase": {
    "frame": { "x": 384, "y": 460, "w": 72, "h": 72 },
    "rotated": false,
    "trimmed": false,
    "spriteSourceSize": { "x": 0, "y": 0, "w": 64, "h": 64 },
    "sourceSize": { "w": 64, "h": 64 },
    "duration": 100
   },
   "Tiles_64 48.ase": {
    "frame": { "x": 460, "y": 460, "w": 72, "h": 72 },
    "rotated": false,
    "trimmed": false,
    "spriteSourceSize": { "x": 0, "y": 0, "w": 64, "h": 64 },
    "sourceSize": { "w": 64, "h": 64 },
    "duration": 100
   }
 },
 "meta": {
  "app": "https://github.com/LibreSprite/LibreSprite/",
  "version": "1.0",
  "image": "/home/midhil/Documents/Projects/Espirit/Espirit-Tileset-Pack/spritesheet/Tiles_64-Spritesheet.png",
  "format": "RGBA8888",
  "size": { "w": 536, "h": 536 },
  "scale": "1",
  "frameTags": [
  ],
  "layers": [
   { "name": "Layer 1", "opacity": 255, "blendMode": "normal" }
  ]
 }
}
