{ "frames": {
   "Tiles_256 0.ase": {
    "frame": { "x": 16, "y": 16, "w": 288, "h": 288 },
    "rotated": false,
    "trimmed": false,
    "spriteSourceSize": { "x": 0, "y": 0, "w": 256, "h": 256 },
    "sourceSize": { "w": 256, "h": 256 },
    "duration": 100
   },
   "Tiles_256 1.ase": {
    "frame": { "x": 320, "y": 16, "w": 288, "h": 288 },
    "rotated": false,
    "trimmed": false,
    "spriteSourceSize": { "x": 0, "y": 0, "w": 256, "h": 256 },
    "sourceSize": { "w": 256, "h": 256 },
    "duration": 100
   },
   "Tiles_256 2.ase": {
    "frame": { "x": 624, "y": 16, "w": 288, "h": 288 },
    "rotated": false,
    "trimmed": false,
    "spriteSourceSize": { "x": 0, "y": 0, "w": 256, "h": 256 },
    "sourceSize": { "w": 256, "h": 256 },
    "duration": 100
   },
   "Tiles_256 3.ase": {
    "frame": { "x": 928, "y": 16, "w": 288, "h": 288 },
    "rotated": false,
    "trimmed": false,
    "spriteSourceSize": { "x": 0, "y": 0, "w": 256, "h": 256 },
    "sourceSize": { "w": 256, "h": 256 },
    "duration": 100
   },
   "Tiles_256 4.ase": {
    "frame": { "x": 1232, "y": 16, "w": 288, "h": 288 },
    "rotated": false,
    "trimmed": false,
    "spriteSourceSize": { "x": 0, "y": 0, "w": 256, "h": 256 },
    "sourceSize": { "w": 256, "h": 256 },
    "duration": 100
   },
   "Tiles_256 5.ase": {
    "frame": { "x": 1536, "y": 16, "w": 288, "h": 288 },
    "rotated": false,
    "trimmed": false,
    "spriteSourceSize": { "x": 0, "y": 0, "w": 256, "h": 256 },
    "sourceSize": { "w": 256, "h": 256 },
    "duration": 100
   },
   "Tiles_256 6.ase": {
    "frame": { "x": 1840, "y": 16, "w": 288, "h": 288 },
    "rotated": false,
    "trimmed": false,
    "spriteSourceSize": { "x": 0, "y": 0, "w": 256, "h": 256 },
    "sourceSize": { "w": 256, "h": 256 },
    "duration": 100
   },
   "Tiles_256 7.ase": {
    "frame": { "x": 16, "y": 320, "w": 288, "h": 288 },
    "rotated": false,
    "trimmed": false,
    "spriteSourceSize": { "x": 0, "y": 0, "w": 256, "h": 256 },
    "sourceSize": { "w": 256, "h": 256 },
    "duration": 100
   },
   "Tiles_256 8.ase": {
    "frame": { "x": 320, "y": 320, "w": 288, "h": 288 },
    "rotated": false,
    "trimmed": false,
    "spriteSourceSize": { "x": 0, "y": 0, "w": 256, "h": 256 },
    "sourceSize": { "w": 256, "h": 256 },
    "duration": 100
   },
   "Tiles_256 9.ase": {
    "frame": { "x": 624, "y": 320, "w": 288, "h": 288 },
    "rotated": false,
    "trimmed": false,
    "spriteSourceSize": { "x": 0, "y": 0, "w": 256, "h": 256 },
    "sourceSize": { "w": 256, "h": 256 },
    "duration": 100
   },
   "Tiles_256 10.ase": {
    "frame": { "x": 928, "y": 320, "w": 288, "h": 288 },
    "rotated": false,
    "trimmed": false,
    "spriteSourceSize": { "x": 0, "y": 0, "w": 256, "h": 256 },
    "sourceSize": { "w": 256, "h": 256 },
    "duration": 100
   },
   "Tiles_256 11.ase": {
    "frame": { "x": 1232, "y": 320, "w": 288, "h": 288 },
    "rotated": false,
    "trimmed": false,
    "spriteSourceSize": { "x": 0, "y": 0, "w": 256, "h": 256 },
    "sourceSize": { "w": 256, "h": 256 },
    "duration": 100
   },
   "Tiles_256 12.ase": {
    "frame": { "x": 1536, "y": 320, "w": 288, "h": 288 },
    "rotated": false,
    "trimmed": false,
    "spriteSourceSize": { "x": 0, "y": 0, "w": 256, "h": 256 },
    "sourceSize": { "w": 256, "h": 256 },
    "duration": 100
   },
   "Tiles_256 13.ase": {
    "frame": { "x": 1840, "y": 320, "w": 288, "h": 288 },
    "rotated": false,
    "trimmed": false,
    "spriteSourceSize": { "x": 0, "y": 0, "w": 256, "h": 256 },
    "sourceSize": { "w": 256, "h": 256 },
    "duration": 100
   },
   "Tiles_256 14.ase": {
    "frame": { "x": 16, "y": 624, "w": 288, "h": 288 },
    "rotated": false,
    "trimmed": false,
    "spriteSourceSize": { "x": 0, "y": 0, "w": 256, "h": 256 },
    "sourceSize": { "w": 256, "h": 256 },
    "duration": 100
   },
   "Tiles_256 15.ase": {
    "frame": { "x": 320, "y": 624, "w": 288, "h": 288 },
    "rotated": false,
    "trimmed": false,
    "spriteSourceSize": { "x": 0, "y": 0, "w": 256, "h": 256 },
    "sourceSize": { "w": 256, "h": 256 },
    "duration": 100
   },
   "Tiles_256 16.ase": {
    "frame": { "x": 624, "y": 624, "w": 288, "h": 288 },
    "rotated": false,
    "trimmed": false,
    "spriteSourceSize": { "x": 0, "y": 0, "w": 256, "h": 256 },
    "sourceSize": { "w": 256, "h": 256 },
    "duration": 100
   },
   "Tiles_256 17.ase": {
    "frame": { "x": 928, "y": 624, "w": 288, "h": 288 },
    "rotated": false,
    "trimmed": false,
    "spriteSourceSize": { "x": 0, "y": 0, "w": 256, "h": 256 },
    "sourceSize": { "w": 256, "h": 256 },
    "duration": 100
   },
   "Tiles_256 18.ase": {
    "frame": { "x": 1232, "y": 624, "w": 288, "h": 288 },
    "rotated": false,
    "trimmed": false,
    "spriteSourceSize": { "x": 0, "y": 0, "w": 256, "h": 256 },
    "sourceSize": { "w": 256, "h": 256 },
    "duration": 100
   },
   "Tiles_256 19.ase": {
    "frame": { "x": 1536, "y": 624, "w": 288, "h": 288 },
    "rotated": false,
    "trimmed": false,
    "spriteSourceSize": { "x": 0, "y": 0, "w": 256, "h": 256 },
    "sourceSize": { "w": 256, "h": 256 },
    "duration": 100
   },
   "Tiles_256 20.ase": {
    "frame": { "x": 1840, "y": 624, "w": 288, "h": 288 },
    "rotated": false,
    "trimmed": false,
    "spriteSourceSize": { "x": 0, "y": 0, "w": 256, "h": 256 },
    "sourceSize": { "w": 256, "h": 256 },
    "duration": 100
   },
   "Tiles_256 21.ase": {
    "frame": { "x": 16, "y": 928, "w": 288, "h": 288 },
    "rotated": false,
    "trimmed": false,
    "spriteSourceSize": { "x": 0, "y": 0, "w": 256, "h": 256 },
    "sourceSize": { "w": 256, "h": 256 },
    "duration": 100
   },
   "Tiles_256 22.ase": {
    "frame": { "x": 320, "y": 928, "w": 288, "h": 288 },
    "rotated": false,
    "trimmed": false,
    "spriteSourceSize": { "x": 0, "y": 0, "w": 256, "h": 256 },
    "sourceSize": { "w": 256, "h": 256 },
    "duration": 100
   },
   "Tiles_256 23.ase": {
    "frame": { "x": 624, "y": 928, "w": 288, "h": 288 },
    "rotated": false,
    "trimmed": false,
    "spriteSourceSize": { "x": 0, "y": 0, "w": 256, "h": 256 },
    "sourceSize": { "w": 256, "h": 256 },
    "duration": 100
   },
   "Tiles_256 24.ase": {
    "frame": { "x": 928, "y": 928, "w": 288, "h": 288 },
    "rotated": false,
    "trimmed": false,
    "spriteSourceSize": { "x": 0, "y": 0, "w": 256, "h": 256 },
    "sourceSize": { "w": 256, "h": 256 },
    "duration": 100
   },
   "Tiles_256 25.ase": {
    "frame": { "x": 1232, "y": 928, "w": 288, "h": 288 },
    "rotated": false,
    "trimmed": false,
    "spriteSourceSize": { "x": 0, "y": 0, "w": 256, "h": 256 },
    "sourceSize": { "w": 256, "h": 256 },
    "duration": 100
   },
   "Tiles_256 26.ase": {
    "frame": { "x": 1536, "y": 928, "w": 288, "h": 288 },
    "rotated": false,
    "trimmed": false,
    "spriteSourceSize": { "x": 0, "y": 0, "w": 256, "h": 256 },
    "sourceSize": { "w": 256, "h": 256 },
    "duration": 100
   },
   "Tiles_256 27.ase": {
    "frame": { "x": 1840, "y": 928, "w": 288, "h": 288 },
    "rotated": false,
    "trimmed": false,
    "spriteSourceSize": { "x": 0, "y": 0, "w": 256, "h": 256 },
    "sourceSize": { "w": 256, "h": 256 },
    "duration": 100
   },
   "Tiles_256 28.ase": {
    "frame": { "x": 16, "y": 1232, "w": 288, "h": 288 },
    "rotated": false,
    "trimmed": false,
    "spriteSourceSize": { "x": 0, "y": 0, "w": 256, "h": 256 },
    "sourceSize": { "w": 256, "h": 256 },
    "duration": 100
   },
   "Tiles_256 29.ase": {
    "frame": { "x": 320, "y": 1232, "w": 288, "h": 288 },
    "rotated": false,
    "trimmed": false,
    "spriteSourceSize": { "x": 0, "y": 0, "w": 256, "h": 256 },
    "sourceSize": { "w": 256, "h": 256 },
    "duration": 100
   },
   "Tiles_256 30.ase": {
    "frame": { "x": 624, "y": 1232, "w": 288, "h": 288 },
    "rotated": false,
    "trimmed": false,
    "spriteSourceSize": { "x": 0, "y": 0, "w": 256, "h": 256 },
    "sourceSize": { "w": 256, "h": 256 },
    "duration": 100
   },
   "Tiles_256 31.ase": {
    "frame": { "x": 928, "y": 1232, "w": 288, "h": 288 },
    "rotated": false,
    "trimmed": false,
    "spriteSourceSize": { "x": 0, "y": 0, "w": 256, "h": 256 },
    "sourceSize": { "w": 256, "h": 256 },
    "duration": 100
   },
   "Tiles_256 32.ase": {
    "frame": { "x": 1232, "y": 1232, "w": 288, "h": 288 },
    "rotated": false,
    "trimmed": false,
    "spriteSourceSize": { "x": 0, "y": 0, "w": 256, "h": 256 },
    "sourceSize": { "w": 256, "h": 256 },
    "duration": 100
   },
   "Tiles_256 33.ase": {
    "frame": { "x": 1536, "y": 1232, "w": 288, "h": 288 },
    "rotated": false,
    "trimmed": false,
    "spriteSourceSize": { "x": 0, "y": 0, "w": 256, "h": 256 },
    "sourceSize": { "w": 256, "h": 256 },
    "duration": 100
   },
   "Tiles_256 34.ase": {
    "frame": { "x": 1840, "y": 1232, "w": 288, "h": 288 },
    "rotated": false,
    "trimmed": false,
    "spriteSourceSize": { "x": 0, "y": 0, "w": 256, "h": 256 },
    "sourceSize": { "w": 256, "h": 256 },
    "duration": 100
   },
   "Tiles_256 35.ase": {
    "frame": { "x": 16, "y": 1536, "w": 288, "h": 288 },
    "rotated": false,
    "trimmed": false,
    "spriteSourceSize": { "x": 0, "y": 0, "w": 256, "h": 256 },
    "sourceSize": { "w": 256, "h": 256 },
    "duration": 100
   },
   "Tiles_256 36.ase": {
    "frame": { "x": 320, "y": 1536, "w": 288, "h": 288 },
    "rotated": false,
    "trimmed": false,
    "spriteSourceSize": { "x": 0, "y": 0, "w": 256, "h": 256 },
    "sourceSize": { "w": 256, "h": 256 },
    "duration": 100
   },
   "Tiles_256 37.ase": {
    "frame": { "x": 624, "y": 1536, "w": 288, "h": 288 },
    "rotated": false,
    "trimmed": false,
    "spriteSourceSize": { "x": 0, "y": 0, "w": 256, "h": 256 },
    "sourceSize": { "w": 256, "h": 256 },
    "duration": 100
   },
   "Tiles_256 38.ase": {
    "frame": { "x": 928, "y": 1536, "w": 288, "h": 288 },
    "rotated": false,
    "trimmed": false,
    "spriteSourceSize": { "x": 0, "y": 0, "w": 256, "h": 256 },
    "sourceSize": { "w": 256, "h": 256 },
    "duration": 100
   },
   "Tiles_256 39.ase": {
    "frame": { "x": 1232, "y": 1536, "w": 288, "h": 288 },
    "rotated": false,
    "trimmed": false,
    "spriteSourceSize": { "x": 0, "y": 0, "w": 256, "h": 256 },
    "sourceSize": { "w": 256, "h": 256 },
    "duration": 100
   },
   "Tiles_256 40.ase": {
    "frame": { "x": 1536, "y": 1536, "w": 288, "h": 288 },
    "rotated": false,
    "trimmed": false,
    "spriteSourceSize": { "x": 0, "y": 0, "w": 256, "h": 256 },
    "sourceSize": { "w": 256, "h": 256 },
    "duration": 100
   },
   "Tiles_256 41.ase": {
    "frame": { "x": 1840, "y": 1536, "w": 288, "h": 288 },
    "rotated": false,
    "trimmed": false,
    "spriteSourceSize": { "x": 0, "y": 0, "w": 256, "h": 256 },
    "sourceSize": { "w": 256, "h": 256 },
    "duration": 100
   },
   "Tiles_256 42.ase": {
    "frame": { "x": 16, "y": 1840, "w": 288, "h": 288 },
    "rotated": false,
    "trimmed": false,
    "spriteSourceSize": { "x": 0, "y": 0, "w": 256, "h": 256 },
    "sourceSize": { "w": 256, "h": 256 },
    "duration": 100
   },
   "Tiles_256 43.ase": {
    "frame": { "x": 320, "y": 1840, "w": 288, "h": 288 },
    "rotated": false,
    "trimmed": false,
    "spriteSourceSize": { "x": 0, "y": 0, "w": 256, "h": 256 },
    "sourceSize": { "w": 256, "h": 256 },
    "duration": 100
   },
   "Tiles_256 44.ase": {
    "frame": { "x": 624, "y": 1840, "w": 288, "h": 288 },
    "rotated": false,
    "trimmed": false,
    "spriteSourceSize": { "x": 0, "y": 0, "w": 256, "h": 256 },
    "sourceSize": { "w": 256, "h": 256 },
    "duration": 100
   },
   "Tiles_256 45.ase": {
    "frame": { "x": 928, "y": 1840, "w": 288, "h": 288 },
    "rotated": false,
    "trimmed": false,
    "spriteSourceSize": { "x": 0, "y": 0, "w": 256, "h": 256 },
    "sourceSize": { "w": 256, "h": 256 },
    "duration": 100
   },
   "Tiles_256 46.ase": {
    "frame": { "x": 1232, "y": 1840, "w": 288, "h": 288 },
    "rotated": false,
    "trimmed": false,
    "spriteSourceSize": { "x": 0, "y": 0, "w": 256, "h": 256 },
    "sourceSize": { "w": 256, "h": 256 },
    "duration": 100
   },
   "Tiles_256 47.ase": {
    "frame": { "x": 1536, "y": 1840, "w": 288, "h": 288 },
    "rotated": false,
    "trimmed": false,
    "spriteSourceSize": { "x": 0, "y": 0, "w": 256, "h": 256 },
    "sourceSize": { "w": 256, "h": 256 },
    "duration": 100
   },
   "Tiles_256 48.ase": {
    "frame": { "x": 1840, "y": 1840, "w": 288, "h": 288 },
    "rotated": false,
    "trimmed": false,
    "spriteSourceSize": { "x": 0, "y": 0, "w": 256, "h": 256 },
    "sourceSize": { "w": 256, "h": 256 },
    "duration": 100
   }
 },
 "meta": {
  "app": "https://github.com/LibreSprite/LibreSprite/",
  "version": "1.0",
  "image": "/home/midhil/Documents/Projects/Espirit/Espirit-Tileset-Pack/spritesheet/Tiles_256-Spritesheet.png",
  "format": "RGBA8888",
  "size": { "w": 2144, "h": 2144 },
  "scale": "1",
  "frameTags": [
  ],
  "layers": [
   { "name": "Layer 1", "opacity": 255, "blendMode": "normal" }
  ]
 }
}
