{ "frames": {
   "Tiles_128 0.ase": {
    "frame": { "x": 8, "y": 8, "w": 144, "h": 144 },
    "rotated": false,
    "trimmed": false,
    "spriteSourceSize": { "x": 0, "y": 0, "w": 128, "h": 128 },
    "sourceSize": { "w": 128, "h": 128 },
    "duration": 100
   },
   "Tiles_128 1.ase": {
    "frame": { "x": 160, "y": 8, "w": 144, "h": 144 },
    "rotated": false,
    "trimmed": false,
    "spriteSourceSize": { "x": 0, "y": 0, "w": 128, "h": 128 },
    "sourceSize": { "w": 128, "h": 128 },
    "duration": 100
   },
   "Tiles_128 2.ase": {
    "frame": { "x": 312, "y": 8, "w": 144, "h": 144 },
    "rotated": false,
    "trimmed": false,
    "spriteSourceSize": { "x": 0, "y": 0, "w": 128, "h": 128 },
    "sourceSize": { "w": 128, "h": 128 },
    "duration": 100
   },
   "Tiles_128 3.ase": {
    "frame": { "x": 464, "y": 8, "w": 144, "h": 144 },
    "rotated": false,
    "trimmed": false,
    "spriteSourceSize": { "x": 0, "y": 0, "w": 128, "h": 128 },
    "sourceSize": { "w": 128, "h": 128 },
    "duration": 100
   },
   "Tiles_128 4.ase": {
    "frame": { "x": 616, "y": 8, "w": 144, "h": 144 },
    "rotated": false,
    "trimmed": false,
    "spriteSourceSize": { "x": 0, "y": 0, "w": 128, "h": 128 },
    "sourceSize": { "w": 128, "h": 128 },
    "duration": 100
   },
   "Tiles_128 5.ase": {
    "frame": { "x": 768, "y": 8, "w": 144, "h": 144 },
    "rotated": false,
    "trimmed": false,
    "spriteSourceSize": { "x": 0, "y": 0, "w": 128, "h": 128 },
    "sourceSize": { "w": 128, "h": 128 },
    "duration": 100
   },
   "Tiles_128 6.ase": {
    "frame": { "x": 920, "y": 8, "w": 144, "h": 144 },
    "rotated": false,
    "trimmed": false,
    "spriteSourceSize": { "x": 0, "y": 0, "w": 128, "h": 128 },
    "sourceSize": { "w": 128, "h": 128 },
    "duration": 100
   },
   "Tiles_128 7.ase": {
    "frame": { "x": 8, "y": 160, "w": 144, "h": 144 },
    "rotated": false,
    "trimmed": false,
    "spriteSourceSize": { "x": 0, "y": 0, "w": 128, "h": 128 },
    "sourceSize": { "w": 128, "h": 128 },
    "duration": 100
   },
   "Tiles_128 8.ase": {
    "frame": { "x": 160, "y": 160, "w": 144, "h": 144 },
    "rotated": false,
    "trimmed": false,
    "spriteSourceSize": { "x": 0, "y": 0, "w": 128, "h": 128 },
    "sourceSize": { "w": 128, "h": 128 },
    "duration": 100
   },
   "Tiles_128 9.ase": {
    "frame": { "x": 312, "y": 160, "w": 144, "h": 144 },
    "rotated": false,
    "trimmed": false,
    "spriteSourceSize": { "x": 0, "y": 0, "w": 128, "h": 128 },
    "sourceSize": { "w": 128, "h": 128 },
    "duration": 100
   },
   "Tiles_128 10.ase": {
    "frame": { "x": 464, "y": 160, "w": 144, "h": 144 },
    "rotated": false,
    "trimmed": false,
    "spriteSourceSize": { "x": 0, "y": 0, "w": 128, "h": 128 },
    "sourceSize": { "w": 128, "h": 128 },
    "duration": 100
   },
   "Tiles_128 11.ase": {
    "frame": { "x": 616, "y": 160, "w": 144, "h": 144 },
    "rotated": false,
    "trimmed": false,
    "spriteSourceSize": { "x": 0, "y": 0, "w": 128, "h": 128 },
    "sourceSize": { "w": 128, "h": 128 },
    "duration": 100
   },
   "Tiles_128 12.ase": {
    "frame": { "x": 768, "y": 160, "w": 144, "h": 144 },
    "rotated": false,
    "trimmed": false,
    "spriteSourceSize": { "x": 0, "y": 0, "w": 128, "h": 128 },
    "sourceSize": { "w": 128, "h": 128 },
    "duration": 100
   },
   "Tiles_128 13.ase": {
    "frame": { "x": 920, "y": 160, "w": 144, "h": 144 },
    "rotated": false,
    "trimmed": false,
    "spriteSourceSize": { "x": 0, "y": 0, "w": 128, "h": 128 },
    "sourceSize": { "w": 128, "h": 128 },
    "duration": 100
   },
   "Tiles_128 14.ase": {
    "frame": { "x": 8, "y": 312, "w": 144, "h": 144 },
    "rotated": false,
    "trimmed": false,
    "spriteSourceSize": { "x": 0, "y": 0, "w": 128, "h": 128 },
    "sourceSize": { "w": 128, "h": 128 },
    "duration": 100
   },
   "Tiles_128 15.ase": {
    "frame": { "x": 160, "y": 312, "w": 144, "h": 144 },
    "rotated": false,
    "trimmed": false,
    "spriteSourceSize": { "x": 0, "y": 0, "w": 128, "h": 128 },
    "sourceSize": { "w": 128, "h": 128 },
    "duration": 100
   },
   "Tiles_128 16.ase": {
    "frame": { "x": 312, "y": 312, "w": 144, "h": 144 },
    "rotated": false,
    "trimmed": false,
    "spriteSourceSize": { "x": 0, "y": 0, "w": 128, "h": 128 },
    "sourceSize": { "w": 128, "h": 128 },
    "duration": 100
   },
   "Tiles_128 17.ase": {
    "frame": { "x": 464, "y": 312, "w": 144, "h": 144 },
    "rotated": false,
    "trimmed": false,
    "spriteSourceSize": { "x": 0, "y": 0, "w": 128, "h": 128 },
    "sourceSize": { "w": 128, "h": 128 },
    "duration": 100
   },
   "Tiles_128 18.ase": {
    "frame": { "x": 616, "y": 312, "w": 144, "h": 144 },
    "rotated": false,
    "trimmed": false,
    "spriteSourceSize": { "x": 0, "y": 0, "w": 128, "h": 128 },
    "sourceSize": { "w": 128, "h": 128 },
    "duration": 100
   },
   "Tiles_128 19.ase": {
    "frame": { "x": 768, "y": 312, "w": 144, "h": 144 },
    "rotated": false,
    "trimmed": false,
    "spriteSourceSize": { "x": 0, "y": 0, "w": 128, "h": 128 },
    "sourceSize": { "w": 128, "h": 128 },
    "duration": 100
   },
   "Tiles_128 20.ase": {
    "frame": { "x": 920, "y": 312, "w": 144, "h": 144 },
    "rotated": false,
    "trimmed": false,
    "spriteSourceSize": { "x": 0, "y": 0, "w": 128, "h": 128 },
    "sourceSize": { "w": 128, "h": 128 },
    "duration": 100
   },
   "Tiles_128 21.ase": {
    "frame": { "x": 8, "y": 464, "w": 144, "h": 144 },
    "rotated": false,
    "trimmed": false,
    "spriteSourceSize": { "x": 0, "y": 0, "w": 128, "h": 128 },
    "sourceSize": { "w": 128, "h": 128 },
    "duration": 100
   },
   "Tiles_128 22.ase": {
    "frame": { "x": 160, "y": 464, "w": 144, "h": 144 },
    "rotated": false,
    "trimmed": false,
    "spriteSourceSize": { "x": 0, "y": 0, "w": 128, "h": 128 },
    "sourceSize": { "w": 128, "h": 128 },
    "duration": 100
   },
   "Tiles_128 23.ase": {
    "frame": { "x": 312, "y": 464, "w": 144, "h": 144 },
    "rotated": false,
    "trimmed": false,
    "spriteSourceSize": { "x": 0, "y": 0, "w": 128, "h": 128 },
    "sourceSize": { "w": 128, "h": 128 },
    "duration": 100
   },
   "Tiles_128 24.ase": {
    "frame": { "x": 464, "y": 464, "w": 144, "h": 144 },
    "rotated": false,
    "trimmed": false,
    "spriteSourceSize": { "x": 0, "y": 0, "w": 128, "h": 128 },
    "sourceSize": { "w": 128, "h": 128 },
    "duration": 100
   },
   "Tiles_128 25.ase": {
    "frame": { "x": 616, "y": 464, "w": 144, "h": 144 },
    "rotated": false,
    "trimmed": false,
    "spriteSourceSize": { "x": 0, "y": 0, "w": 128, "h": 128 },
    "sourceSize": { "w": 128, "h": 128 },
    "duration": 100
   },
   "Tiles_128 26.ase": {
    "frame": { "x": 768, "y": 464, "w": 144, "h": 144 },
    "rotated": false,
    "trimmed": false,
    "spriteSourceSize": { "x": 0, "y": 0, "w": 128, "h": 128 },
    "sourceSize": { "w": 128, "h": 128 },
    "duration": 100
   },
   "Tiles_128 27.ase": {
    "frame": { "x": 920, "y": 464, "w": 144, "h": 144 },
    "rotated": false,
    "trimmed": false,
    "spriteSourceSize": { "x": 0, "y": 0, "w": 128, "h": 128 },
    "sourceSize": { "w": 128, "h": 128 },
    "duration": 100
   },
   "Tiles_128 28.ase": {
    "frame": { "x": 8, "y": 616, "w": 144, "h": 144 },
    "rotated": false,
    "trimmed": false,
    "spriteSourceSize": { "x": 0, "y": 0, "w": 128, "h": 128 },
    "sourceSize": { "w": 128, "h": 128 },
    "duration": 100
   },
   "Tiles_128 29.ase": {
    "frame": { "x": 160, "y": 616, "w": 144, "h": 144 },
    "rotated": false,
    "trimmed": false,
    "spriteSourceSize": { "x": 0, "y": 0, "w": 128, "h": 128 },
    "sourceSize": { "w": 128, "h": 128 },
    "duration": 100
   },
   "Tiles_128 30.ase": {
    "frame": { "x": 312, "y": 616, "w": 144, "h": 144 },
    "rotated": false,
    "trimmed": false,
    "spriteSourceSize": { "x": 0, "y": 0, "w": 128, "h": 128 },
    "sourceSize": { "w": 128, "h": 128 },
    "duration": 100
   },
   "Tiles_128 31.ase": {
    "frame": { "x": 464, "y": 616, "w": 144, "h": 144 },
    "rotated": false,
    "trimmed": false,
    "spriteSourceSize": { "x": 0, "y": 0, "w": 128, "h": 128 },
    "sourceSize": { "w": 128, "h": 128 },
    "duration": 100
   },
   "Tiles_128 32.ase": {
    "frame": { "x": 616, "y": 616, "w": 144, "h": 144 },
    "rotated": false,
    "trimmed": false,
    "spriteSourceSize": { "x": 0, "y": 0, "w": 128, "h": 128 },
    "sourceSize": { "w": 128, "h": 128 },
    "duration": 100
   },
   "Tiles_128 33.ase": {
    "frame": { "x": 768, "y": 616, "w": 144, "h": 144 },
    "rotated": false,
    "trimmed": false,
    "spriteSourceSize": { "x": 0, "y": 0, "w": 128, "h": 128 },
    "sourceSize": { "w": 128, "h": 128 },
    "duration": 100
   },
   "Tiles_128 34.ase": {
    "frame": { "x": 920, "y": 616, "w": 144, "h": 144 },
    "rotated": false,
    "trimmed": false,
    "spriteSourceSize": { "x": 0, "y": 0, "w": 128, "h": 128 },
    "sourceSize": { "w": 128, "h": 128 },
    "duration": 100
   },
   "Tiles_128 35.ase": {
    "frame": { "x": 8, "y": 768, "w": 144, "h": 144 },
    "rotated": false,
    "trimmed": false,
    "spriteSourceSize": { "x": 0, "y": 0, "w": 128, "h": 128 },
    "sourceSize": { "w": 128, "h": 128 },
    "duration": 100
   },
   "Tiles_128 36.ase": {
    "frame": { "x": 160, "y": 768, "w": 144, "h": 144 },
    "rotated": false,
    "trimmed": false,
    "spriteSourceSize": { "x": 0, "y": 0, "w": 128, "h": 128 },
    "sourceSize": { "w": 128, "h": 128 },
    "duration": 100
   },
   "Tiles_128 37.ase": {
    "frame": { "x": 312, "y": 768, "w": 144, "h": 144 },
    "rotated": false,
    "trimmed": false,
    "spriteSourceSize": { "x": 0, "y": 0, "w": 128, "h": 128 },
    "sourceSize": { "w": 128, "h": 128 },
    "duration": 100
   },
   "Tiles_128 38.ase": {
    "frame": { "x": 464, "y": 768, "w": 144, "h": 144 },
    "rotated": false,
    "trimmed": false,
    "spriteSourceSize": { "x": 0, "y": 0, "w": 128, "h": 128 },
    "sourceSize": { "w": 128, "h": 128 },
    "duration": 100
   },
   "Tiles_128 39.ase": {
    "frame": { "x": 616, "y": 768, "w": 144, "h": 144 },
    "rotated": false,
    "trimmed": false,
    "spriteSourceSize": { "x": 0, "y": 0, "w": 128, "h": 128 },
    "sourceSize": { "w": 128, "h": 128 },
    "duration": 100
   },
   "Tiles_128 40.ase": {
    "frame": { "x": 768, "y": 768, "w": 144, "h": 144 },
    "rotated": false,
    "trimmed": false,
    "spriteSourceSize": { "x": 0, "y": 0, "w": 128, "h": 128 },
    "sourceSize": { "w": 128, "h": 128 },
    "duration": 100
   },
   "Tiles_128 41.ase": {
    "frame": { "x": 920, "y": 768, "w": 144, "h": 144 },
    "rotated": false,
    "trimmed": false,
    "spriteSourceSize": { "x": 0, "y": 0, "w": 128, "h": 128 },
    "sourceSize": { "w": 128, "h": 128 },
    "duration": 100
   },
   "Tiles_128 42.ase": {
    "frame": { "x": 8, "y": 920, "w": 144, "h": 144 },
    "rotated": false,
    "trimmed": false,
    "spriteSourceSize": { "x": 0, "y": 0, "w": 128, "h": 128 },
    "sourceSize": { "w": 128, "h": 128 },
    "duration": 100
   },
   "Tiles_128 43.ase": {
    "frame": { "x": 160, "y": 920, "w": 144, "h": 144 },
    "rotated": false,
    "trimmed": false,
    "spriteSourceSize": { "x": 0, "y": 0, "w": 128, "h": 128 },
    "sourceSize": { "w": 128, "h": 128 },
    "duration": 100
   },
   "Tiles_128 44.ase": {
    "frame": { "x": 312, "y": 920, "w": 144, "h": 144 },
    "rotated": false,
    "trimmed": false,
    "spriteSourceSize": { "x": 0, "y": 0, "w": 128, "h": 128 },
    "sourceSize": { "w": 128, "h": 128 },
    "duration": 100
   },
   "Tiles_128 45.ase": {
    "frame": { "x": 464, "y": 920, "w": 144, "h": 144 },
    "rotated": false,
    "trimmed": false,
    "spriteSourceSize": { "x": 0, "y": 0, "w": 128, "h": 128 },
    "sourceSize": { "w": 128, "h": 128 },
    "duration": 100
   },
   "Tiles_128 46.ase": {
    "frame": { "x": 616, "y": 920, "w": 144, "h": 144 },
    "rotated": false,
    "trimmed": false,
    "spriteSourceSize": { "x": 0, "y": 0, "w": 128, "h": 128 },
    "sourceSize": { "w": 128, "h": 128 },
    "duration": 100
   },
   "Tiles_128 47.ase": {
    "frame": { "x": 768, "y": 920, "w": 144, "h": 144 },
    "rotated": false,
    "trimmed": false,
    "spriteSourceSize": { "x": 0, "y": 0, "w": 128, "h": 128 },
    "sourceSize": { "w": 128, "h": 128 },
    "duration": 100
   },
   "Tiles_128 48.ase": {
    "frame": { "x": 920, "y": 920, "w": 144, "h": 144 },
    "rotated": false,
    "trimmed": false,
    "spriteSourceSize": { "x": 0, "y": 0, "w": 128, "h": 128 },
    "sourceSize": { "w": 128, "h": 128 },
    "duration": 100
   }
 },
 "meta": {
  "app": "https://github.com/LibreSprite/LibreSprite/",
  "version": "1.0",
  "image": "/home/midhil/Documents/Projects/Espirit/Espirit-Tileset-Pack/spritesheet/Tiles_128-Spritesheet.png",
  "format": "RGBA8888",
  "size": { "w": 1072, "h": 1072 },
  "scale": "1",
  "frameTags": [
  ],
  "layers": [
   { "name": "Layer 1", "opacity": 255, "blendMode": "normal" }
  ]
 }
}
